2025-11-13,19:28:30,0,LabAssistant,1763062112276,Hi! I'm LabAssistant. Let’s wait until both teammates have joined the discussion.,WELCOME_WAIT
2025-11-13,19:28:37,0,LabAssistant,1763062118295,"Once everyone is ready, we'll tackle four different parts of our experiment in the Virtual Lab. For each part, the goal is to determine the stoichiometry of the reaction that occurs.",WELCOME_CONTEXT
2025-11-13,19:45:05,0,LabAssistant,1763063106682,"Please navigate to the ""Scratchpad"" tab and make sure you are logged in with your Google account in the document. Also review the ""VirtualLab Tutorial"" tab. Reach out to your Professor in case of any questions. After you are ready, each of you type <span style=""color:#d9534f; font-weight:bold;"">ready</span> to begin the experiment.",WELCOME_READY_PROMPT
2025-11-13,19:47:39,0,6FVTX9OX_B,1763063259435,ready,AFFIRMATIVE
2025-11-13,19:47:39,0,LabAssistant,1763063260752,Thanks! I've logged your ready signal—waiting on your teammate.,READY_ACK
2025-11-13,19:47:39,0,LabAssistant_labassistant4007,1763063262755,Thanks! I'm still waiting for your teammate.,to:6FVTX9OX_B+ACKNOWLEDGE+PRIVATE_MESSAGE
2025-11-13,19:47:55,0,6DDK7PNQ_A,1763063275855,ready,AFFIRMATIVE
2025-11-13,19:47:55,0,LabAssistant,1763063278764,"Part 1: A and B are known to react but the stoichiometry and products are unknown. Mix A and B and use the information viewer on the left to determine the reaction, including the stoichiometric coefficients. You will find 1.00 M solutions of A and B in the stockroom. If you need help, click the <span style=""font-weight:bold;"">VirtualLab Tutorial</span> tab.",PART1_QUESTION
2025-11-13,19:48:18,0,LabAssistant,1763063298774,"Use the chat or ""Scratchpad"" tab to record your observations and discuss. What evidence confirms your reaction? Once both of you agree, type <span style=""color:#d9534f; font-weight:bold;"">ready:part1</span>.",PART1_COLLAB
2025-11-13,19:56:25,0,6FVTX9OX_B,1763063785414,ready:part1,AFFIRMATIVE
2025-11-13,19:56:25,0,LabAssistant,1763063786965,Thanks! I've logged your ready signal—waiting on your teammate.,READY_ACK
2025-11-13,19:56:25,0,LabAssistant_labassistant4007,1763063788968,Thanks! I'm still waiting for your teammate.,to:6FVTX9OX_B+ACKNOWLEDGE+PRIVATE_MESSAGE
2025-11-13,19:58:03,0,6FVTX9OX_B,1763063883403,H20,
2025-11-13,20:02:36,0,6FVTX9OX_B,1763064156681, Don't Think about it too hard girl. just type what you see,QUESTION
2025-11-13,20:09:04,0,6FVTX9OX_B,1763064544556,I think it is an H20 reaction,GIVING_OPINION
2025-11-13,20:09:12,0,6FVTX9OX_B,1763064552370,what do you think girlie,QUESTION
2025-11-13,20:09:44,0,6DDK7PNQ_A,1763064584611,I was thinking that but I didn't know if it was right,GIVING_OPINION
2025-11-13,20:09:56,0,6FVTX9OX_B,1763064597030,ok perfect we agree,GIVING_ORIENTATION+AFFIRMATIVE
2025-11-13,20:10:47,0,6DDK7PNQ_A,1763064647802,ready:part1,AFFIRMATIVE
2025-11-13,20:10:47,0,LabAssistant,1763064649280,"Send me your reaction as <span style=""color:#0275d8; font-weight:bold;"">reaction: REACTANTS-&gt;PRODUCTS</span> (e.g. <span style=""color:#0275d8; font-weight:bold;"">reaction: X+Y-&gt;Z</span>). You have up to three tries, so double-check before you submit.",PART1_SUBMIT_PROMPT
2025-11-13,20:11:58,0,6FVTX9OX_B,1763064718223,reaction:H++O-2->H20,
2025-11-13,20:11:58,0,LabAssistant,1763064719310,"You entered an incorrect substance. The reactants and products are A, B, C, or D.",REACTION_INVALID_SPECIES
2025-11-13,20:11:58,0,LabAssistant,1763064721313,You have 2 attempt(s) left for Part 1. Revisit your evidence and adjust the reaction together.,PART1_RETRY
2025-11-13,20:12:46,0,6FVTX9OX_B,1763064766796,reaction:A+B->C,
2025-11-13,20:12:46,0,LabAssistant,1763064767332,"Your reactants and products are correct, but coefficients need adjusting. Consider performing additional experiments to determine the reaction's stoichiometry.",PART1_STOICHIOMETRY_FEEDBACK
2025-11-13,20:12:46,0,LabAssistant,1763064769335,You have 1 attempt(s) left for Part 1. Revisit your evidence and adjust the reaction together.,PART1_RETRY
2025-11-13,20:13:57,0,6FVTX9OX_B,1763064837984,reaction:A+B->2C,
2025-11-13,20:13:57,0,LabAssistant,1763064839363,Great! Your Part 1 reaction is correct!.,PART1_CORRECT
2025-11-13,20:13:57,0,LabAssistant,1763064841367,"Part 1 solution: A + B -> 2C. Review the walkthrough at <a href=""https://munano.org/chem-pilot-01-simple/"" rel=""noopener noreferrer"" target=""_blank"">https://munano.org/chem-pilot-01-simple/</a> to reinforce the concept before moving on to the next part. Parts 2-4 are more complex, so it may be easier to share results in the <b>""Scratchpad""</b>. For example look at the image below. When you’re both done analyzing the solution, each of you type <span style=""color:#d9534f; font-weight:bold;"">done</span>. [[IMAGE:SCRATCHPAD_HINT]]",PART1_SOLUTION
2025-11-13,20:15:07,0,6FVTX9OX_B,1763064907592,done,
2025-11-13,20:15:09,0,6DDK7PNQ_A,1763064909396,done,
2025-11-13,20:15:07,0,LabAssistant,1763064909396,Thanks! I've logged your ready signal—waiting on your teammate.,READY_ACK
2025-11-13,20:15:09,0,LabAssistant,1763064913401,"Part 2: Check the Part 2 tab. Given four substances A, B, C, and D that are known to react in some weird and mysterious way, design and perform virtual lab experiments to determine the reaction between these substances, including the stoichiometric coefficients. You will find 1.00 M solutions of each of these chemical reagents in the stockroom.",PART2_QUESTION
2025-11-13,20:15:32,0,LabAssistant,1763064933412,"The moles of one substance will not be visible to you in the species viewer. For example, [[IMAGE:PARTNER_COOP_HINT]] the image below shows the amount of D is not visible. The species hidden from you can be observed by your partner and vice versa. Coordinate your experiments to get to the answer!",PART2_CONCENTRATION_REMINDER
2025-11-13,20:15:47,0,LabAssistant,1763064949421,"Use the chat or Scratchpad to record your observations and agree on which substances are reacting. Once both of you align on the reactants, each type <span style=""color:#d9534f; font-weight:bold;"">ready:part2</span>.",PART2_REACTANTS_PROMPT
2025-11-13,20:17:39,0,6FVTX9OX_B,1763065059838,What does the mol say in solution B?,QUESTION+PREDICTION_CONTRIBUTION
2025-11-13,20:18:19,0,6DDK7PNQ_A,1763065099397,0.100000 just by itself,
2025-11-13,20:18:23,0,6FVTX9OX_B,1763065103206,ok,AFFIRMATIVE
2025-11-13,20:18:33,0,6FVTX9OX_B,1763065114022,Same with the other solutions,GIVING_NAME+FIRST_NAME
2025-11-13,20:18:34,0,6DDK7PNQ_A,1763065114224,are we suppose to be mixing all or no,NEGATIVE
2025-11-13,20:18:38,0,6FVTX9OX_B,1763065118632,i think so,GIVING_OPINION
