2025-11-10,23:25:04,0,LabAssistant,1762817106166,Hi! I'm LabAssistant. Let’s wait until both teammates have joined the discussion.,WELCOME_WAIT
2025-11-10,23:25:11,0,LabAssistant,1762817112183,"Once everyone is ready, we'll tackle four different parts of our experiment in the Virtual Lab. For each part, the goal is to determine the stoichiometry of the reaction that occurs.",WELCOME_CONTEXT
2025-11-10,23:26:12,0,LabAssistant,1762817174237,"Please navigate to the ""Scratchpad"" tab and make sure you are logged in with your Google account in the document. Also review the ""VirtualLab Tutorial"" tab. Reach out to your Professor in case of any questions. After you are ready, each of you type <span style=""color:#d9534f; font-weight:bold;"">ready</span> to begin the experiment.",WELCOME_READY_PROMPT
2025-11-10,23:26:34,0,studa_A,1762817194901,ready,AFFIRMATIVE
2025-11-10,23:26:34,0,LabAssistant,1762817196250,Thanks! I've logged your ready signal—waiting on your teammate.,READY_ACK
2025-11-10,23:26:38,0,studb_B,1762817198011,ready,AFFIRMATIVE
2025-11-10,23:26:38,0,LabAssistant,1762817200256,"Part 1: A and B are known to react but the stoichiometry and products are unknown. Mix A and B and use the information viewer on the left to determine the reaction, including the stoichiometric coefficients. You will find 1.00 M solutions of A and B in the stockroom. If you need help, click the <span style=""font-weight:bold;"">VirtualLab Tutorial</span> tab.",PART1_QUESTION
2025-11-10,23:27:00,0,LabAssistant,1762817222268,"Use the chat or ""Scratchpad"" tab to record your observations and discuss. What evidence confirms your reaction? Once both of you agree, type <span style=""color:#d9534f; font-weight:bold;"">ready:part1</span>.",PART1_COLLAB
2025-11-10,23:29:19,0,studa_A,1762817359630,ready:part1,AFFIRMATIVE
2025-11-10,23:29:19,0,LabAssistant,1762817360331,Thanks! I've logged your ready signal—waiting on your teammate.,READY_ACK
2025-11-10,23:29:22,0,studb_B,1762817362238,ready:part1,AFFIRMATIVE
2025-11-10,23:29:22,0,LabAssistant,1762817362334,"Send me your reaction as <span style=""color:#0275d8; font-weight:bold;"">reaction: REACTANTS-&gt;PRODUCTS</span> (e.g. <span style=""color:#0275d8; font-weight:bold;"">reaction: X+Y-&gt;Z</span>). You have up to three tries, so double-check before you submit.",PART1_SUBMIT_PROMPT
2025-11-10,23:29:46,0,studb_B,1762817386075,reaction:a+b=c,
2025-11-10,23:29:46,0,LabAssistant,1762817386348,"Your reactants and products are correct, but the stoichiometric ratios need adjusting.",PART1_STOICHIOMETRY_FEEDBACK
2025-11-10,23:29:46,0,LabAssistant,1762817388351,You have 2 attempt(s) left for Part 1. Revisit your evidence and adjust the reaction together.,PART1_RETRY
2025-11-10,23:29:52,0,studb_B,1762817392989,reaction:a+b=2c,
2025-11-10,23:29:52,0,LabAssistant,1762817394356,Great! Your Part 1 reaction is correct!.,PART1_CORRECT
2025-11-10,23:29:52,0,LabAssistant,1762817396359,"Part 1 solution: A+B->2C. Review the walkthrough at <a href=""https://munano.org/chem-pilot-01-simple/"" target=""_blank"" rel=""noopener noreferrer"">https://munano.org/chem-pilot-01-simple/</a> to reinforce the concept.",PART1_SOLUTION
2025-11-10,23:29:53,0,LabAssistant,1762817400365,"Part 2: Open the Part 2 tab. Given four substances A, B, C, and D that are known to react in some weird and mysterious way, design and perform virtual lab experiments to determine the reaction between these substances, including the stoichiometric coefficients. You will find 1.00 M solutions of each of these chemical reagents in the stockroom.",PART2_QUESTION
2025-11-10,23:30:15,0,LabAssistant,1762817416374,"The moles of one substance will not be visible to you in the species viewer. For example, [[IMAGE:PARTNER_COOP_HINT]] the image below shows the amount of D is not visible. The species hidden from you can be observed by your partner and vice versa. Coordinate your experiments to get to the answer!",PART2_CONCENTRATION_REMINDER
2025-11-10,23:30:31,0,LabAssistant,1762817432383,"Use the chat or Scratchpad to record your observations and discuss. What evidence confirms your reaction? Once both of you agree, type <span style=""color:#d9534f; font-weight:bold;"">ready:part2</span>.",PART2_COLLAB
2025-11-10,23:31:01,0,studb_B,1762817461109,ready:part2,AFFIRMATIVE
2025-11-10,23:31:01,0,LabAssistant,1762817462398,Thanks! I've logged your ready signal—waiting on your teammate.,READY_ACK
2025-11-10,23:31:01,0,LabAssistant_labassistant601,1762817464400,Thanks! I'm still waiting for your teammate.,to:studb_B+ACKNOWLEDGE+PRIVATE_MESSAGE
2025-11-10,23:31:07,0,studa_A,1762817467821,ready:part2,AFFIRMATIVE
2025-11-10,23:31:07,0,LabAssistant,1762817468404,"Send me your reaction as <span style=""color:#0275d8; font-weight:bold;"">reaction: REACTANTS-&gt;PRODUCTS</span> (e.g. <span style=""color:#0275d8; font-weight:bold;"">reaction: X+Y-&gt;Z</span>). You have up to three tries, so double-check before you submit.",PART2_SUBMIT_PROMPT
2025-11-10,23:32:59,0,studa_A,1762817579855,reaction:b+d=a+2c,
2025-11-10,23:32:59,0,LabAssistant,1762817580468,Great! Your Part 2 reaction is correct!.,PART2_CORRECT
2025-11-10,23:32:59,0,LabAssistant,1762817582470,"Part 2 solution: B+D->A+2C. Review the walkthrough at <a href=""https://munano.org/chem-pilot-02-hidden/"" target=""_blank"" rel=""noopener noreferrer"">https://munano.org/chem-pilot-02-hidden/</a> to reinforce the concept.",PART2_SOLUTION
2025-11-10,23:32:59,0,LabAssistant,1762817586475,"Part 3: Open the Part 3 tab. You are given four substances A, B, C, and D that are known to react. Design and perform virtual lab experiments to determine the reaction between these substances, including the stoichiometric coefficients. Just as in part 2, one of the substances is hidden but your partner can see it.",PART3_QUESTION
2025-11-10,23:33:21,0,LabAssistant,1762817602483,"Use the chat or Scratchpad to record your observations and discuss. What evidence confirms your reaction? Once both of you agree, type <span style=""color:#d9534f; font-weight:bold;"">ready:part3</span>.",PART3_COLLAB
2025-11-10,23:33:51,0,studb_B,1762817631417,ready:part3,AFFIRMATIVE
2025-11-10,23:33:51,0,LabAssistant,1762817632496,Thanks! I've logged your ready signal—waiting on your teammate.,READY_ACK
2025-11-10,23:33:54,0,studa_A,1762817634223,ready:part3,AFFIRMATIVE
2025-11-10,23:33:54,0,LabAssistant,1762817634498,"You have up to three tries. Submit your answer as <span style=""color:#0275d8; font-weight:bold;"">reaction: REACTANTS-&gt;PRODUCTS</span>.",PART3_SUBMIT_PROMPT
2025-11-10,23:33:59,0,studa_A,1762817639133,reaction:a+2c=b+2d,
2025-11-10,23:33:59,0,LabAssistant,1762817640502,Great! Your Part 3 reaction is correct!.,PART3_CORRECT
2025-11-10,23:33:59,0,LabAssistant,1762817642505,"Part 3 solution: A+2C->B+2D. Review the walkthrough at <a href=""https://munano.org/chem-pilot-03-limiting/"" target=""_blank"" rel=""noopener noreferrer"">https://munano.org/chem-pilot-03-limiting/</a> to reinforce the concept.",PART3_SOLUTION
2025-11-10,23:33:59,0,LabAssistant,1762817646508,"Part 4: Open the Part 4 tab. You are given four substances A, B, C, and D that are known to react. Design and perform virtual lab experiments to determine the reaction between these substances, including the stoichiometric coefficients. All substances are visible to you but the units are <span style=""font-weight:bold;"">Molarity</span> instead of moles.",PART4_QUESTION
2025-11-10,23:34:20,0,LabAssistant,1762817662515,"Use the chat or Scratchpad to record your observations and discuss. What evidence confirms your reaction? Once both of you agree, type <span style=""color:#d9534f; font-weight:bold;"">ready:part4</span>.",PART4_COLLAB
2025-11-10,23:34:29,0,studa_A,1762817669569,ready:part4,AFFIRMATIVE
2025-11-10,23:34:29,0,LabAssistant,1762817670520,Thanks! I've logged your ready signal—waiting on your teammate.,READY_ACK
2025-11-10,23:34:32,0,studb_B,1762817672278,ready:part4,AFFIRMATIVE
2025-11-10,23:34:32,0,LabAssistant,1762817672522,"You have unlimited attempts. Submit your answer as <span style=""color:#0275d8; font-weight:bold;"">reaction: REACTANTS-&gt;PRODUCTS</span>.",PART4_SUBMIT_PROMPT
2025-11-10,23:34:43,0,studb_B,1762817683897,reaction:2b+c=a+3d,
2025-11-10,23:34:43,0,LabAssistant,1762817684529,Great! Your Part 4 reaction is correct!.,PART4_CORRECT
2025-11-10,23:34:43,0,LabAssistant,1762817686531,"Part 4 solution: 2B+C->A+3D. Review the walkthrough at <a href=""https://munano.org/chem-pilot-04-molarity/"" target=""_blank"" rel=""noopener noreferrer"">https://munano.org/chem-pilot-04-molarity/</a> to reinforce the concept.",PART4_SOLUTION
2025-11-10,23:34:43,0,LabAssistant,1762817688533,Please complete the post-test assigned to you.,PART4_POSTTEST
2025-11-10,23:35:56,0,studb_B,1762817756801,hello,
2025-11-10,23:35:58,0,studb_B,1762817758804,hi,
2025-11-10,23:36:01,0,studa_A,1762817761711,bye bye,
