2025-11-13,13:55:01,0,LabAssistant,1763042102717,Hi! I'm LabAssistant. Let’s wait until both teammates have joined the discussion.,WELCOME_WAIT
2025-11-13,13:55:07,0,LabAssistant,1763042108735,"Once everyone is ready, we'll tackle four different parts of our experiment in the Virtual Lab. For each part, the goal is to determine the stoichiometry of the reaction that occurs.",WELCOME_CONTEXT
2025-11-13,13:55:56,0,LabAssistant,1763042158778,"Please navigate to the ""Scratchpad"" tab and make sure you are logged in with your Google account in the document. Also review the ""VirtualLab Tutorial"" tab. Reach out to your Professor in case of any questions. After you are ready, each of you type <span style=""color:#d9534f; font-weight:bold;"">ready</span> to begin the experiment.",WELCOME_READY_PROMPT
2025-11-13,13:56:15,0,abc_A,1763042175132,ready,AFFIRMATIVE
2025-11-13,13:56:15,0,LabAssistant,1763042176789,Thanks! I've logged your ready signal—waiting on your teammate.,READY_ACK
2025-11-13,13:56:15,0,LabAssistant_labassistant1056,1763042178792,Thanks! I'm still waiting for your teammate.,ACKNOWLEDGE+PRIVATE_MESSAGE+to:abc_A
2025-11-13,13:56:21,0,def_B,1763042181942,ready,AFFIRMATIVE
2025-11-13,13:56:21,0,LabAssistant,1763042184797,"Part 1: A and B are known to react but the stoichiometry and products are unknown. Mix A and B and use the information viewer on the left to determine the reaction, including the stoichiometric coefficients. You will find 1.00 M solutions of A and B in the stockroom. If you need help, click the <span style=""font-weight:bold;"">VirtualLab Tutorial</span> tab.",PART1_QUESTION
2025-11-13,13:56:44,0,LabAssistant,1763042204808,"Use the chat or ""Scratchpad"" tab to record your observations and discuss. What evidence confirms your reaction? Once both of you agree, type <span style=""color:#d9534f; font-weight:bold;"">ready:part1</span>.",PART1_COLLAB
2025-11-13,13:57:47,0,def_B,1763042267731,I see 0.200 mol C,
2025-11-13,13:57:50,0,def_B,1763042270236,ready:part1,AFFIRMATIVE
2025-11-13,13:57:50,0,LabAssistant,1763042270836,Thanks! I've logged your ready signal—waiting on your teammate.,READY_ACK
2025-11-13,13:57:50,0,LabAssistant_labassistant1056,1763042272839,Thanks! I'm still waiting for your teammate.,ACKNOWLEDGE+to:def_B+PRIVATE_MESSAGE
2025-11-13,13:57:53,0,abc_A,1763042273845,ready:part12,AFFIRMATIVE
2025-11-13,13:57:57,0,abc_A,1763042277851,ready:part1,AFFIRMATIVE
2025-11-13,13:57:57,0,LabAssistant,1763042278843,"Send me your reaction as <span style=""color:#0275d8; font-weight:bold;"">reaction: REACTANTS-&gt;PRODUCTS</span> (e.g. <span style=""color:#0275d8; font-weight:bold;"">reaction: X+Y-&gt;Z</span>). You have up to three tries, so double-check before you submit.",PART1_SUBMIT_PROMPT
2025-11-13,13:58:09,0,def_B,1763042289268,reaction: A+B->AB,
2025-11-13,13:58:09,0,LabAssistant,1763042290851,"You entered an incorrect substance. The reactants and products are A, B, C, or D.",REACTION_INVALID_SPECIES
2025-11-13,13:58:09,0,LabAssistant,1763042292854,You have 2 attempt(s) left for Part 1. Revisit your evidence and adjust the reaction together.,PART1_RETRY
2025-11-13,13:58:23,0,def_B,1763042303889,I guess it's C?,GIVING_OPINION+QUESTION
2025-11-13,13:58:28,0,def_B,1763042308095,A+B->C,
2025-11-13,13:58:28,0,LabAssistant,1763042308862,"To submit an answer, start with <span style=""color:#0275d8; font-weight:bold;"">reaction:</span> followed by the equation (e.g., <span style=""color:#0275d8; font-weight:bold;"">reaction: A+B-&gt;C</span>).",REACTION_FORMAT_REMINDER
2025-11-13,13:58:35,0,abc_A,1763042315706,reaction:A+B->C,
2025-11-13,13:58:35,0,LabAssistant,1763042316868,"Your reactants and products are correct, but coefficients need adjusting. Consider performing additional experiments to determine the reaction's stoichiometry.",PART1_STOICHIOMETRY_FEEDBACK
2025-11-13,13:58:35,0,LabAssistant,1763042318870,You have 1 attempt(s) left for Part 1. Revisit your evidence and adjust the reaction together.,PART1_RETRY
2025-11-13,13:58:48,0,abc_A,1763042328124,reaction: A+B->2C,
2025-11-13,13:58:48,0,LabAssistant,1763042328876,Great! Your Part 1 reaction is correct!.,PART1_CORRECT
2025-11-13,13:58:48,0,LabAssistant,1763042330879,"Part 1 solution: A + B -> 2C. Review the walkthrough at <a href=""https://munano.org/chem-pilot-01-simple/"" rel=""noopener noreferrer"" target=""_blank"">https://munano.org/chem-pilot-01-simple/</a> to reinforce the concept before moving on to the next part. Parts 2-4 are more complex, so it may be easier to share results in the <b>""Scratchpad""</b>. For example look at the image below. When you’re both done analyzing the solution, each of you type <span style=""color:#d9534f; font-weight:bold;"">done</span>. [[IMAGE:SCRATCHPAD_HINT]]",PART1_SOLUTION
2025-11-13,13:59:04,0,abc_A,1763042344948,done,
2025-11-13,13:59:07,0,def_B,1763042347752,done,
2025-11-13,14:26:05,0,abc_A,1763043965548,done,
2025-11-13,14:26:05,0,LabAssistant,1763043967500,Thanks! I've logged your ready signal—waiting on your teammate.,READY_ACK
2025-11-13,14:26:08,0,def_B,1763043968354,done,
2025-11-13,14:26:08,0,LabAssistant,1763043971504,"Part 2: Check the Part 2 tab. Given four substances A, B, C, and D that are known to react in some weird and mysterious way, design and perform virtual lab experiments to determine the reaction between these substances, including the stoichiometric coefficients. You will find 1.00 M solutions of each of these chemical reagents in the stockroom.",PART2_QUESTION
2025-11-13,14:26:30,0,LabAssistant,1763043991513,"The moles of one substance will not be visible to you in the species viewer. For example, [[IMAGE:PARTNER_COOP_HINT]] the image below shows the amount of D is not visible. The species hidden from you can be observed by your partner and vice versa. Coordinate your experiments to get to the answer!",PART2_CONCENTRATION_REMINDER
2025-11-13,14:26:46,0,LabAssistant,1763044007520,"Use the chat or Scratchpad to record your observations and agree on which substances are reacting. Once both of you align on the reactants, each type <span style=""color:#d9534f; font-weight:bold;"">ready:part2</span>.",PART2_REACTANTS_PROMPT
2025-11-13,14:27:17,0,abc_A,1763044037864,ready:part2,AFFIRMATIVE
2025-11-13,14:27:17,0,LabAssistant,1763044039533,Thanks! I've logged your ready signal—waiting on your teammate.,READY_ACK
2025-11-13,14:27:17,0,LabAssistant_labassistant1056,1763044041535,Thanks! I'm still waiting for your teammate.,ACKNOWLEDGE+PRIVATE_MESSAGE+to:abc_A
2025-11-13,14:28:03,0,abc_A,1763044083620,ready:part2,AFFIRMATIVE
2025-11-13,14:28:03,0,LabAssistant,1763044085553,Thanks! I've logged your ready signal—waiting on your teammate.,READY_ACK
2025-11-13,14:28:03,0,LabAssistant_labassistant1056,1763044087555,Thanks! I'm still waiting for your teammate.,ACKNOWLEDGE+PRIVATE_MESSAGE+to:abc_A
2025-11-13,14:28:08,0,def_B,1763044088928,ready:part2,AFFIRMATIVE
2025-11-13,14:28:08,0,LabAssistant,1763044089557,"Send me the reactants as <span style=""color:#0275d8; font-weight:bold;"">reactants: A,B</span> (comma-separated). I'll confirm when they look right.",PART2_REACTANTS_SUBMIT
2025-11-13,14:28:17,0,abc_A,1763044097042,"reactants: A,C",
2025-11-13,14:28:17,0,LabAssistant,1763044097562,Those reactants don’t match the reaction taking place. Revisit your evidence before trying again.,PART2_REACTANTS_WRONG
2025-11-13,14:28:17,0,LabAssistant,1763044099564,Keep testing hypotheses and adjust the reactant list together.,PART2_REACTANTS_RETRY
2025-11-13,14:28:46,0,abc_A,1763044126680,"reactants: B,D",
2025-11-13,14:28:46,0,LabAssistant,1763044127576,"Reactants confirmed! When both of you are ready to write the full reaction, type <span style=""color:#d9534f; font-weight:bold;"">ready:part2</span> again.",PART2_REACTANTS_CORRECT
2025-11-13,14:28:56,0,abc_A,1763044136502,ready:part2,AFFIRMATIVE
2025-11-13,14:28:56,0,LabAssistant,1763044137581,Thanks! I've logged your ready signal—waiting on your teammate.,READY_ACK
2025-11-13,14:28:56,0,LabAssistant_labassistant1056,1763044139583,Thanks! I'm still waiting for your teammate.,ACKNOWLEDGE+PRIVATE_MESSAGE+to:abc_A
2025-11-13,14:29:00,0,def_B,1763044140709,ready:part2,AFFIRMATIVE
2025-11-13,14:29:00,0,LabAssistant,1763044141585,"Send me your reaction as <span style=""color:#0275d8; font-weight:bold;"">reaction: REACTANTS-&gt;PRODUCTS</span> (e.g. <span style=""color:#0275d8; font-weight:bold;"">reaction: X+Y-&gt;Z</span>). You have up to three tries, so double-check before you submit.",PART2_SUBMIT_PROMPT
2025-11-13,14:30:00,0,abc_A,1763044200491,reaction: B+D->A+C,
2025-11-13,14:30:00,0,LabAssistant,1763044201609,"Your reactants and products are correct, but coefficients need adjusting. Consider performing additional experiments to determine the reaction's stoichiometry.",PART2_STOICHIOMETRY_FEEDBACK
2025-11-13,14:30:00,0,LabAssistant,1763044203611,You have 2 attempt(s) left for Part 2. Revisit your evidence and adjust the reaction together.,PART2_RETRY
2025-11-13,14:30:20,0,abc_A,1763044220115,"we make 0.1 A, 0.2 C",
2025-11-13,14:30:39,0,abc_A,1763044239837,"Starting from 0.10 B, D. So 2C, 1A",
2025-11-13,14:30:53,0,abc_A,1763044253956,How much D leftover?,QUESTION
2025-11-13,14:30:59,0,abc_A,1763044259665,None I guess,GIVING_OPINION+NEGATIVE
2025-11-13,14:31:07,0,abc_A,1763044267877,reaction: B+D->A+2C,
2025-11-13,14:31:07,0,LabAssistant,1763044269637,Great! Your Part 2 reaction is correct!.,PART2_CORRECT
2025-11-13,14:31:07,0,LabAssistant,1763044271639,"Part 2 solution: B + D -> A + 2C. Review the walkthrough at <a href=""https://munano.org/chem-pilot-02-hidden/"" rel=""noopener noreferrer"" target=""_blank"">https://munano.org/chem-pilot-02-hidden/</a> to reinforce the concept before moving on to the next part. When you’re finished reviewing, both of you type <span style=""color:#d9534f; font-weight:bold;"">done</span>.",PART2_SOLUTION
2025-11-13,14:32:21,0,def_B,1763044341872,done,
2025-11-13,14:32:21,0,LabAssistant,1763044343669,Thanks! I've logged your ready signal—waiting on your teammate.,READY_ACK
2025-11-13,14:32:21,0,LabAssistant_labassistant1056,1763044345671,Thanks! I'm still waiting for your teammate.,ACKNOWLEDGE+to:def_B+PRIVATE_MESSAGE
2025-11-13,14:32:28,0,abc_A,1763044348283,done,
2025-11-13,14:32:28,0,LabAssistant,1763044351676,"Part 3: Check the Part 3 tab. You are given four substances A, B, C, and D that are known to react. Design and perform virtual lab experiments to determine the reaction between these substances, including the stoichiometric coefficients. Just as in part 2, one of the substances is hidden but your partner can see it.",PART3_QUESTION
2025-11-13,14:32:50,0,LabAssistant,1763044371686,"Use the chat or Scratchpad to compare your measurements and decide which substances are reacting. When you both agree on the reactants, each type <span style=""color:#d9534f; font-weight:bold;"">ready:part3</span>.",PART3_REACTANTS_PROMPT
2025-11-13,14:33:53,0,abc_A,1763044433974,ready:part3,AFFIRMATIVE
2025-11-13,14:33:53,0,LabAssistant,1763044435711,Thanks! I've logged your ready signal—waiting on your teammate.,READY_ACK
2025-11-13,14:33:53,0,LabAssistant_labassistant1056,1763044437713,Thanks! I'm still waiting for your teammate.,ACKNOWLEDGE+PRIVATE_MESSAGE+to:abc_A
2025-11-13,14:33:59,0,def_B,1763044439283,ready:part3,AFFIRMATIVE
2025-11-13,14:33:59,0,LabAssistant,1763044439715,"Now send me the reactants as <span style=""color:#0275d8; font-weight:bold;"">reactants: A,B</span>. I’ll let you know when they match.",PART3_REACTANTS_SUBMIT
2025-11-13,14:37:06,0,def_B,1763044626485,"reactions: A,C",
2025-11-13,14:37:10,0,def_B,1763044630992,"reactants: A,C",
2025-11-13,14:37:10,0,LabAssistant,1763044631787,"Reactants confirmed! Type <span style=""color:#d9534f; font-weight:bold;"">ready:part3</span> again when you’re prepared to submit the full reaction.",PART3_REACTANTS_CORRECT
2025-11-13,14:37:17,0,def_B,1763044637805,ready:part3,AFFIRMATIVE
2025-11-13,14:37:17,0,LabAssistant,1763044639792,Thanks! I've logged your ready signal—waiting on your teammate.,READY_ACK
2025-11-13,14:37:17,0,LabAssistant_labassistant1056,1763044641794,Thanks! I'm still waiting for your teammate.,ACKNOWLEDGE+to:def_B+PRIVATE_MESSAGE
